Rank,Charity,EIN,Wallet Tag,AMAL Score,Trust,Verification Tier,Verification Pts,Data Quality,DQ Pts,Transparency,Transp Pts,Evidence,Evidence Grade,Grade Pts,Outcome Measurement,Outcome Pts,Theory of Change,ToC Pts,Effectiveness,Program Efficiency,Efficiency Pts,Cost Effectiveness,Cost Pts,Financial Health,Fin Health Pts,Fit,Counterfactual,Counter Pts,Cause Importance,Cause Imp Pts,Neglectedness,Neglect Pts,Risk Deduction
1,The Citizens Foundation USA,41-2046295,ZAKAT-ELIGIBLE,98,25,HIGH,10,HIGH,8,PLATINUM,7,25,B,8,COMPREHENSIVE,10,DOCUMENTED,4,25,EXCEPTIONAL,10,EXCELLENT,10,HEALTHY,5,23,HIGH,10,HIGH,7,MUSLIM_FOCUSED,6,0
2,Sadagaat,47-2864379,ZAKAT-ELIGIBLE,98,25,HIGH,10,HIGH,8,PLATINUM,7,23,B,8,STRONG,8,DOCUMENTED,4,25,EXCEPTIONAL,10,EXCELLENT,10,HEALTHY,5,25,HIGH,10,HIGH,9,MUSLIM_FOCUSED,6,0
3,MedGlobal,82-2517347,ZAKAT-ELIGIBLE,98,25,HIGH,10,HIGH,8,PLATINUM,7,23,B,8,COMPREHENSIVE,10,DOCUMENTED,4,25,EXCEPTIONAL,10,EXCELLENT,10,HEALTHY,5,25,HIGH,10,HIGH,9,MUSLIM_FOCUSED,6,0
4,ICNA Relief,04-3810161,ZAKAT-ELIGIBLE,97,25,HIGH,10,HIGH,8,PLATINUM,7,22,B,8,COMPREHENSIVE,10,DOCUMENTED,4,25,EXCEPTIONAL,10,EXCELLENT,10,HEALTHY,5,25,HIGH,10,HIGH,9,MUSLIM_FOCUSED,6,0
5,Developments in Literacy,33-0843213,ZAKAT-ELIGIBLE,97,25,HIGH,10,HIGH,8,PLATINUM,7,25,B,8,COMPREHENSIVE,10,DOCUMENTED,4,22,EXCEPTIONAL,10,EXCELLENT,10,EXCESSIVE,2,25,HIGH,10,HIGH,9,MUSLIM_FOCUSED,6,0
6,SIUT,76-0656947,ZAKAT-ELIGIBLE,96,25,HIGH,10,HIGH,8,PLATINUM,7,23,B,8,STRONG,8,DOCUMENTED,4,23,ABOVE_AVERAGE,8,EXCELLENT,10,HEALTHY,5,25,HIGH,10,HIGH,9,MUSLIM_FOCUSED,6,0
7,Iqra Fund,45-2751655,ZAKAT-ELIGIBLE,93,25,HIGH,10,HIGH,8,PLATINUM,7,23,B,8,STRONG,8,DOCUMENTED,4,22,EXCEPTIONAL,10,GOOD,8,COMFORTABLE,4,23,HIGH,10,HIGH,7,MUSLIM_FOCUSED,6,0
8,Transparent Hands USA,47-3564801,ZAKAT-ELIGIBLE,93,25,HIGH,10,HIGH,8,PLATINUM,7,23,B,8,COMPREHENSIVE,10,DOCUMENTED,4,20,AVERAGE,5,EXCELLENT,10,HEALTHY,5,25,HIGH,10,HIGH,9,MUSLIM_FOCUSED,6,0
9,Penny Appeal USA,47-5165837,ZAKAT-ELIGIBLE,93,25,HIGH,10,HIGH,8,PLATINUM,7,23,B,8,STRONG,8,DOCUMENTED,4,20,AVERAGE,5,EXCELLENT,10,HEALTHY,5,25,HIGH,10,HIGH,9,MUSLIM_FOCUSED,6,0
10,PALESTINE CHILDRENS RELIEF FUND,93-1057665,ZAKAT-ELIGIBLE,93,25,HIGH,10,HIGH,8,PLATINUM,7,25,B,8,COMPREHENSIVE,10,DOCUMENTED,4,18,EXCEPTIONAL,10,AVERAGE,6,EXCESSIVE,2,25,HIGH,10,HIGH,9,MUSLIM_FOCUSED,6,0
11,Indus Hospital,20-4751162,ZAKAT-ELIGIBLE,92,25,HIGH,10,HIGH,8,PLATINUM,7,21,B,8,STRONG,8,DOCUMENTED,4,21,EXCEPTIONAL,10,AVERAGE,6,HEALTHY,5,25,HIGH,10,HIGH,9,MUSLIM_FOCUSED,6,0
12,"Baitulmaal, Inc.",20-0942434,ZAKAT-ELIGIBLE,90,25,HIGH,10,HIGH,8,PLATINUM,7,24,B,8,COMPREHENSIVE,10,DOCUMENTED,4,16,EXCEPTIONAL,10,BELOW_AVERAGE,2,COMFORTABLE,4,25,HIGH,10,HIGH,9,MUSLIM_FOCUSED,6,0
13,Mercy USA for Aid and Development,38-2846307,ZAKAT-ELIGIBLE,90,25,HIGH,10,HIGH,8,PLATINUM,7,23,B,8,STRONG,8,DOCUMENTED,4,19,EXCEPTIONAL,10,AVERAGE,6,TIGHT,3,25,HIGH,10,HIGH,9,MUSLIM_FOCUSED,6,-2
14,American Near East Refugee Aid (Anera),52-0882226,ZAKAT-ELIGIBLE,90,25,HIGH,10,HIGH,8,PLATINUM,7,23,B,8,STRONG,8,DOCUMENTED,4,17,EXCEPTIONAL,10,BELOW_AVERAGE,2,HEALTHY,5,25,HIGH,10,HIGH,9,MUSLIM_FOCUSED,6,0
15,Islamic Relief USA,95-4453134,ZAKAT-ELIGIBLE,90,25,HIGH,10,HIGH,8,PLATINUM,7,25,B,8,COMPREHENSIVE,10,DOCUMENTED,4,15,ABOVE_AVERAGE,8,AVERAGE,5,EXCESSIVE,2,25,HIGH,10,HIGH,9,MUSLIM_FOCUSED,6,0
16,Pure Hands,45-4810098,ZAKAT-ELIGIBLE,89,25,HIGH,10,HIGH,8,PLATINUM,7,18,C,6,STRONG,8,DOCUMENTED,4,23,EXCEPTIONAL,10,EXCELLENT,10,TIGHT,3,25,HIGH,10,HIGH,9,MUSLIM_FOCUSED,6,-2
17,Emgage Foundation,26-1441032,SADAQAH-ELIGIBLE,88,25,HIGH,10,HIGH,8,PLATINUM,7,20,B,8,MODERATE,6,DOCUMENTED,4,22,EXCEPTIONAL,10,EXCELLENT,10,EXCESSIVE,2,21,MEDIUM,6,HIGH,9,MUSLIM_FOCUSED,6,0
18,World Central Kitchen,27-3521132,SADAQAH-ELIGIBLE,87,25,HIGH,10,HIGH,8,PLATINUM,7,25,B,8,COMPREHENSIVE,10,DOCUMENTED,4,24,EXCEPTIONAL,10,EXCELLENT,10,COMFORTABLE,4,13,LOW,2,HIGH,9,MAINSTREAM,2,0
19,Save the Children Federation,06-0726487,SADAQAH-ELIGIBLE,86,25,HIGH,10,HIGH,8,PLATINUM,7,25,B,8,COMPREHENSIVE,10,DOCUMENTED,4,23,ABOVE_AVERAGE,8,EXCELLENT,10,HEALTHY,5,13,LOW,2,HIGH,9,MAINSTREAM,2,0
20,CARE USA,13-1685039,SADAQAH-ELIGIBLE,86,25,HIGH,10,HIGH,8,PLATINUM,7,23,B,8,STRONG,8,DOCUMENTED,4,25,EXCEPTIONAL,10,EXCELLENT,10,HEALTHY,5,13,LOW,2,HIGH,9,MAINSTREAM,2,0
21,Against Malaria Foundation,20-3069841,SADAQAH-ELIGIBLE,86,25,HIGH,10,HIGH,8,PLATINUM,7,25,B,8,COMPREHENSIVE,10,DOCUMENTED,4,23,EXCEPTIONAL,10,EXCELLENT,10,TIGHT,3,13,LOW,2,HIGH,9,MAINSTREAM,2,0
22,Action Against Hunger USA,13-3327220,SADAQAH-ELIGIBLE,85,25,HIGH,10,HIGH,8,PLATINUM,7,23,C,6,COMPREHENSIVE,10,DOCUMENTED,4,24,EXCEPTIONAL,10,EXCELLENT,10,COMFORTABLE,4,13,LOW,2,HIGH,9,MAINSTREAM,2,0
23,charity: water,22-3936753,SADAQAH-ELIGIBLE,85,25,HIGH,10,HIGH,8,PLATINUM,7,25,B,8,COMPREHENSIVE,10,DOCUMENTED,4,22,ABOVE_AVERAGE,8,EXCELLENT,10,COMFORTABLE,4,13,LOW,2,HIGH,9,MAINSTREAM,2,0
24,Obat Helpers,47-0946122,ZAKAT-ELIGIBLE,85,25,HIGH,10,HIGH,8,PLATINUM,7,23,C,6,COMPREHENSIVE,10,DOCUMENTED,4,17,ABOVE_AVERAGE,8,BELOW_AVERAGE,4,HEALTHY,5,20,HIGH,10,MEDIUM,4,MUSLIM_FOCUSED,6,0
25,SAPA,83-3464851,ZAKAT-ELIGIBLE,85,25,HIGH,10,HIGH,8,PLATINUM,7,18,C,6,MODERATE,6,DOCUMENTED,4,17,ABOVE_AVERAGE,8,BELOW_AVERAGE,4,HEALTHY,5,25,HIGH,10,HIGH,9,MUSLIM_FOCUSED,6,0
26,Muslim Legal Fund of America,01-0548371,ZAKAT-ELIGIBLE,83,25,HIGH,10,HIGH,8,PLATINUM,7,25,B,8,COMPREHENSIVE,10,DOCUMENTED,4,13,AVERAGE,5,BELOW_AVERAGE,3,HEALTHY,5,20,HIGH,10,MEDIUM,4,MUSLIM_FOCUSED,6,0
27,Helen Keller International,13-5562162,SADAQAH-ELIGIBLE,83,25,HIGH,10,HIGH,8,PLATINUM,7,25,B,8,COMPREHENSIVE,10,DOCUMENTED,4,20,ABOVE_AVERAGE,8,EXCELLENT,10,EXCESSIVE,2,13,LOW,2,HIGH,9,MAINSTREAM,2,0
28,International Aid Charity,46-3973114,ZAKAT-ELIGIBLE,83,23,HIGH,10,HIGH,8,GOLD,5,12,D,4,BASIC,4,DOCUMENTED,4,25,EXCEPTIONAL,10,EXCELLENT,10,HEALTHY,5,25,HIGH,10,HIGH,9,MUSLIM_FOCUSED,6,-2
29,Oxfam America,23-7069110,SADAQAH-ELIGIBLE,82,25,HIGH,10,HIGH,8,PLATINUM,7,25,A,10,COMPREHENSIVE,10,DOCUMENTED,4,19,AVERAGE,5,EXCELLENT,10,COMFORTABLE,4,13,LOW,2,HIGH,9,MAINSTREAM,2,0
30,"GiveDirectly, Inc",27-1661997,SADAQAH-ELIGIBLE,82,25,HIGH,10,HIGH,8,PLATINUM,7,24,A,10,STRONG,8,DOCUMENTED,4,20,EXCEPTIONAL,10,AVERAGE,6,COMFORTABLE,4,13,LOW,2,HIGH,9,MAINSTREAM,2,0
31,CAIR FOUNDATION INC,77-0646756,ZAKAT-ELIGIBLE,82,25,HIGH,10,HIGH,8,PLATINUM,7,25,A,10,STRONG,8,DOCUMENTED,4,12,AVERAGE,5,BELOW_AVERAGE,3,COMFORTABLE,4,20,HIGH,10,MEDIUM,4,MUSLIM_FOCUSED,6,0
32,Fight Colorectal Cancer,20-2622550,SADAQAH-ELIGIBLE,81,25,HIGH,10,HIGH,8,PLATINUM,7,23,C,6,COMPREHENSIVE,10,DOCUMENTED,4,18,EXCEPTIONAL,10,AVERAGE,6,EXCESSIVE,2,15,LOW,2,HIGH,9,NICHE,4,0
33,United Muslim Relief,27-3175543,ZAKAT-ELIGIBLE,81,23,HIGH,10,HIGH,8,GOLD,5,14,D,4,BASIC,4,DOCUMENTED,4,23,EXCEPTIONAL,10,EXCELLENT,10,TIGHT,3,25,HIGH,10,HIGH,9,MUSLIM_FOCUSED,6,-4
34,Yaqeen Institute for Islamic Research,81-2822877,ZAKAT-ELIGIBLE,81,25,HIGH,10,HIGH,8,PLATINUM,7,20,C,6,STRONG,8,DOCUMENTED,4,18,EXCEPTIONAL,10,AVERAGE,6,EXCESSIVE,2,18,HIGH,10,LOW,2,MUSLIM_FOCUSED,6,0
35,Direct Relief,95-1831116,SADAQAH-ELIGIBLE,81,25,HIGH,10,HIGH,8,PLATINUM,7,23,B,8,COMPREHENSIVE,10,DOCUMENTED,4,20,EXCEPTIONAL,10,AVERAGE,6,COMFORTABLE,4,13,LOW,2,HIGH,9,MAINSTREAM,2,0
36,SYRIAN AMERICAN MEDICAL SOCIETY FOUNDATION,16-1717058,SADAQAH-ELIGIBLE,79,25,HIGH,10,HIGH,8,PLATINUM,7,21,B,8,STRONG,8,IMPLICIT,2,21,EXCEPTIONAL,10,AVERAGE,6,HEALTHY,5,13,LOW,2,HIGH,9,MAINSTREAM,2,-1
37,Muslim Aid America,46-2504422,SADAQAH-ELIGIBLE,79,22,HIGH,10,MODERATE,5,PLATINUM,7,16,C,6,STRONG,8,IMPLICIT,2,21,EXCEPTIONAL,10,AVERAGE,6,HEALTHY,5,21,MEDIUM,6,HIGH,9,MUSLIM_FOCUSED,6,-1
38,Second Harvest Food Bank,94-2614101,SADAQAH-ELIGIBLE,79,25,HIGH,10,HIGH,8,PLATINUM,7,25,A,10,COMPREHENSIVE,10,DOCUMENTED,4,16,EXCEPTIONAL,10,BELOW_AVERAGE,2,COMFORTABLE,4,13,LOW,2,HIGH,9,MAINSTREAM,2,0
39,Doctors Without Borders,13-3433452,SADAQAH-ELIGIBLE,78,25,HIGH,10,HIGH,8,PLATINUM,7,23,B,8,COMPREHENSIVE,10,IMPLICIT,2,18,ABOVE_AVERAGE,8,AVERAGE,5,HEALTHY,5,13,LOW,2,HIGH,9,MAINSTREAM,2,-1
40,Tayba Foundation,26-3342933,ZAKAT-ELIGIBLE,77,22,MODERATE,7,HIGH,8,PLATINUM,7,23,B,8,STRONG,8,DOCUMENTED,4,14,ABOVE_AVERAGE,8,BELOW_AVERAGE,2,COMFORTABLE,4,18,HIGH,10,LOW,2,MUSLIM_FOCUSED,6,0
41,American Red CrossHQ,53-0196605,SADAQAH-ELIGIBLE,77,25,HIGH,10,HIGH,8,PLATINUM,7,25,B,8,COMPREHENSIVE,10,DOCUMENTED,4,14,EXCEPTIONAL,10,BELOW_AVERAGE,2,EXCESSIVE,2,13,LOW,2,HIGH,9,MAINSTREAM,2,0
42,Hidaya Foundation,77-0502583,ZAKAT-ELIGIBLE,77,15,HIGH,10,MODERATE,5,NONE,0,14,D,4,BASIC,4,DOCUMENTED,4,25,EXCEPTIONAL,10,EXCELLENT,10,HEALTHY,5,25,HIGH,10,HIGH,9,MUSLIM_FOCUSED,6,-2
43,Heal Palestine,88-2454707,ZAKAT-ELIGIBLE,77,22,HIGH,10,MODERATE,5,PLATINUM,7,16,C,6,MODERATE,6,DOCUMENTED,4,14,EXCEPTIONAL,10,BELOW_AVERAGE,2,EXCESSIVE,2,25,HIGH,10,HIGH,9,MUSLIM_FOCUSED,6,0
44,Cancer Research Institute,13-1837442,SADAQAH-ELIGIBLE,76,25,HIGH,10,HIGH,8,PLATINUM,7,23,C,6,COMPREHENSIVE,10,DOCUMENTED,4,15,ABOVE_AVERAGE,8,AVERAGE,5,EXCESSIVE,2,13,LOW,2,HIGH,9,MAINSTREAM,2,0
45,Zakat Foundation of America,36-4476244,ZAKAT-ELIGIBLE,76,23,HIGH,10,HIGH,8,GOLD,5,16,C,6,BASIC,4,DOCUMENTED,4,14,EXCEPTIONAL,10,BELOW_AVERAGE,2,EXCESSIVE,2,25,HIGH,10,HIGH,9,MUSLIM_FOCUSED,6,-2
46,Rahima Foundation,77-0442850,ZAKAT-ELIGIBLE,76,23,HIGH,10,HIGH,8,GOLD,5,13,D,4,BASIC,4,DOCUMENTED,4,22,EXCEPTIONAL,10,EXCELLENT,10,EXCESSIVE,2,25,HIGH,10,HIGH,9,MUSLIM_FOCUSED,6,-7
47,Human Appeal USA,87-2410117,ZAKAT-ELIGIBLE,76,22,HIGH,10,HIGH,8,SILVER,4,16,C,6,BASIC,4,DOCUMENTED,4,17,BELOW_AVERAGE,3,EXCELLENT,10,COMFORTABLE,4,25,HIGH,10,HIGH,9,MUSLIM_FOCUSED,6,-4
48,UNICEF USA,13-1760110,SADAQAH-ELIGIBLE,75,25,HIGH,10,HIGH,8,PLATINUM,7,17,B,8,STRONG,8,NONE,0,21,EXCEPTIONAL,10,AVERAGE,6,HEALTHY,5,13,LOW,2,HIGH,9,MAINSTREAM,2,-1
49,Islamic Scholarship Fund (ISF),20-8540050,ZAKAT-ELIGIBLE,75,25,HIGH,10,HIGH,8,PLATINUM,7,23,C,6,COMPREHENSIVE,10,DOCUMENTED,4,9,AVERAGE,5,BELOW_AVERAGE,2,EXCESSIVE,2,23,HIGH,10,HIGH,7,MUSLIM_FOCUSED,6,-5
50,Union of Concerned Scientists,04-2535767,SADAQAH-ELIGIBLE,74,25,HIGH,10,HIGH,8,PLATINUM,7,23,C,6,COMPREHENSIVE,10,DOCUMENTED,4,18,EXCEPTIONAL,10,AVERAGE,6,EXCESSIVE,2,8,LOW,2,MEDIUM,4,MAINSTREAM,2,0
51,Support Life Foundation,47-1675693,SADAQAH-ELIGIBLE,74,22,MODERATE,7,HIGH,8,PLATINUM,7,21,B,8,STRONG,8,DOCUMENTED,4,16,EXCEPTIONAL,10,BELOW_AVERAGE,2,COMFORTABLE,4,15,LOW,2,HIGH,9,NICHE,4,0
52,Muslim Community Network,75-3163555,ZAKAT-ELIGIBLE,74,25,HIGH,10,HIGH,8,PLATINUM,7,16,C,6,MODERATE,6,DOCUMENTED,4,12,AVERAGE,5,BELOW_AVERAGE,3,COMFORTABLE,4,21,HIGH,10,MEDIUM,5,MUSLIM_FOCUSED,6,0
53,Rainforest Alliance,13-3377893,SADAQAH-ELIGIBLE,73,25,HIGH,10,HIGH,8,PLATINUM,7,23,C,6,COMPREHENSIVE,10,DOCUMENTED,4,17,ABOVE_AVERAGE,8,AVERAGE,5,COMFORTABLE,4,8,LOW,2,MEDIUM,4,MAINSTREAM,2,0
54,International Rescue Committee,13-5660870,SADAQAH-ELIGIBLE,73,25,HIGH,10,HIGH,8,PLATINUM,7,18,C,6,MODERATE,6,DOCUMENTED,4,17,EXCEPTIONAL,10,BELOW_AVERAGE,2,HEALTHY,5,13,LOW,2,HIGH,9,MAINSTREAM,2,0
55,Ghamidi Center of Islamic Learning,46-5099190,ZAKAT-ELIGIBLE,73,22,MODERATE,7,HIGH,8,PLATINUM,7,17,F,2,COMPREHENSIVE,10,DOCUMENTED,4,14,ABOVE_AVERAGE,8,BELOW_AVERAGE,2,COMFORTABLE,4,20,HIGH,10,MEDIUM,4,MUSLIM_FOCUSED,6,0
56,COUNCIL ON AMERICAN-ISLAMIC RELATIONS CALIFORNIA,77-0411194,SADAQAH-ELIGIBLE,73,22,HIGH,10,MODERATE,5,PLATINUM,7,17,F,2,COMPREHENSIVE,10,DOCUMENTED,4,15,ABOVE_AVERAGE,8,AVERAGE,5,EXCESSIVE,2,19,MEDIUM,6,HIGH,7,MUSLIM_FOCUSED,6,0
57,Texas Muslim Womens Foundation Inc,20-3060929,ZAKAT-ELIGIBLE,72,18,HIGH,10,HIGH,8,NONE,0,10,F,2,WEAK,2,DOCUMENTED,4,21,EXCEPTIONAL,10,AVERAGE,6,HEALTHY,5,25,HIGH,10,HIGH,9,MUSLIM_FOCUSED,6,-2
58,Helping Hand for Relief and Development,31-1628040,ZAKAT-ELIGIBLE,71,18,HIGH,10,HIGH,8,NONE,0,10,F,2,WEAK,2,DOCUMENTED,4,20,EXCEPTIONAL,10,AVERAGE,6,COMFORTABLE,4,25,HIGH,10,HIGH,9,MUSLIM_FOCUSED,6,-2
59,KinderUSA,75-2999028,SADAQAH-ELIGIBLE,71,25,HIGH,10,HIGH,8,PLATINUM,7,12,C,6,MODERATE,6,NONE,0,20,EXCEPTIONAL,10,AVERAGE,6,COMFORTABLE,4,15,LOW,2,HIGH,9,NICHE,4,-1
60,Unity Productions Foundation,77-0519274,SADAQAH-ELIGIBLE,71,23,HIGH,10,HIGH,8,GOLD,5,16,C,6,BASIC,4,DOCUMENTED,4,20,ABOVE_AVERAGE,8,EXCELLENT,10,EXCESSIVE,2,14,MEDIUM,6,LOW,2,MUSLIM_FOCUSED,6,-2
61,"Human Rights Watch, Inc.",13-2875808,SADAQAH-ELIGIBLE,70,25,HIGH,10,HIGH,8,PLATINUM,7,22,C,6,COMPREHENSIVE,10,DOCUMENTED,4,10,AVERAGE,5,BELOW_AVERAGE,3,EXCESSIVE,2,13,LOW,2,HIGH,9,MAINSTREAM,2,0
62,Imran Khan Cancer Appeal USA,13-3626299,ZAKAT-ELIGIBLE,70,18,HIGH,10,HIGH,8,NONE,0,14,C,6,WEAK,2,DOCUMENTED,4,20,EXCEPTIONAL,10,AVERAGE,6,COMFORTABLE,4,25,HIGH,10,HIGH,9,MUSLIM_FOCUSED,6,-7
63,ACLU Foundation,13-6213516,SADAQAH-ELIGIBLE,69,25,HIGH,10,HIGH,8,PLATINUM,7,21,C,6,STRONG,8,DOCUMENTED,4,15,ABOVE_AVERAGE,8,AVERAGE,5,EXCESSIVE,2,8,LOW,2,MEDIUM,4,MAINSTREAM,2,0
64,INSTITUTE FOR SOCIAL POLICY AND UNDERSTANDING,38-3633581,SADAQAH-ELIGIBLE,68,25,HIGH,10,HIGH,8,PLATINUM,7,19,C,6,COMPREHENSIVE,10,IMPLICIT,2,9,AVERAGE,5,BELOW_AVERAGE,2,EXCESSIVE,2,16,MEDIUM,6,MEDIUM,4,MUSLIM_FOCUSED,6,-1
65,Southern Poverty Law Center,63-0598743,SADAQAH-ELIGIBLE,68,25,HIGH,10,HIGH,8,PLATINUM,7,25,A,10,STRONG,8,DOCUMENTED,4,10,AVERAGE,5,BELOW_AVERAGE,3,EXCESSIVE,2,8,LOW,2,MEDIUM,4,MAINSTREAM,2,0
66,Sierra Club Foundation,94-6069890,SADAQAH-ELIGIBLE,68,22,HIGH,10,MODERATE,5,PLATINUM,7,15,F,2,STRONG,8,DOCUMENTED,4,18,EXCEPTIONAL,10,AVERAGE,6,EXCESSIVE,2,13,LOW,2,HIGH,9,MAINSTREAM,2,0
67,Nur Islamic School of Louisville,61-1347154,SADAQAH-ELIGIBLE,66,17,HIGH,10,MODERATE,5,BRONZE,2,14,C,6,WEAK,2,DOCUMENTED,4,18,EXCEPTIONAL,10,AVERAGE,6,EXCESSIVE,2,19,MEDIUM,6,HIGH,7,MUSLIM_FOCUSED,6,-2
68,BASMAH,82-1670588,ZAKAT-ELIGIBLE,66,22,HIGH,10,MODERATE,5,PLATINUM,7,21,B,8,STRONG,8,DOCUMENTED,4,5,UNKNOWN,0,BELOW_AVERAGE,2,TIGHT,3,20,HIGH,10,MEDIUM,4,MUSLIM_FOCUSED,6,-2
69,MCA,31-1267559,ZAKAT-ELIGIBLE,64,22,MODERATE,7,HIGH,8,PLATINUM,7,18,C,6,STRONG,8,IMPLICIT,2,5,UNKNOWN,0,BELOW_AVERAGE,2,TIGHT,3,20,HIGH,10,MEDIUM,4,MUSLIM_FOCUSED,6,-1
70,IRUSA Waqf,47-1666091,ZAKAT-ELIGIBLE,64,5,NONE,0,MODERATE,5,NONE,0,16,C,6,BASIC,4,DOCUMENTED,4,20,ABOVE_AVERAGE,8,EXCELLENT,10,EXCESSIVE,2,25,HIGH,10,HIGH,9,MUSLIM_FOCUSED,6,-2
71,Habitat for Humanity International,91-1914868,SADAQAH-ELIGIBLE,64,23,HIGH,10,HIGH,8,GOLD,5,14,D,4,BASIC,4,DOCUMENTED,4,20,ABOVE_AVERAGE,8,EXCELLENT,10,EXCESSIVE,2,9,LOW,2,MEDIUM,5,MAINSTREAM,2,-2
72,Dream.Org,26-1140201,SADAQAH-ELIGIBLE,63,25,HIGH,10,HIGH,8,PLATINUM,7,21,C,6,STRONG,8,DOCUMENTED,4,7,UNKNOWN,0,BELOW_AVERAGE,2,HEALTHY,5,10,LOW,2,MEDIUM,4,NICHE,4,0
73,ZAYTUNA COLLEGE,33-0720978,ZAKAT-ELIGIBLE,63,23,HIGH,10,HIGH,8,GOLD,5,14,C,6,WEAK,2,DOCUMENTED,4,7,BELOW_AVERAGE,3,BELOW_AVERAGE,2,EXCESSIVE,2,23,HIGH,10,HIGH,7,MUSLIM_FOCUSED,6,-4
74,Feeding America,36-3673599,SADAQAH-ELIGIBLE,62,18,HIGH,10,HIGH,8,NONE,0,16,C,6,BASIC,4,DOCUMENTED,4,17,EXCEPTIONAL,10,BELOW_AVERAGE,2,HEALTHY,5,13,LOW,2,HIGH,9,MAINSTREAM,2,-2
75,Chicago Community Bond Fund,47-5015710,SADAQAH-ELIGIBLE,62,23,HIGH,10,HIGH,8,GOLD,5,8,F,2,WEAK,2,DOCUMENTED,4,18,EXCEPTIONAL,10,AVERAGE,6,EXCESSIVE,2,15,MEDIUM,6,MEDIUM,5,NICHE,4,-2
76,Islamic Services Foundation,75-2352043,ZAKAT-ELIGIBLE,61,15,HIGH,10,MODERATE,5,NONE,0,16,C,6,BASIC,4,DOCUMENTED,4,14,EXCEPTIONAL,10,BELOW_AVERAGE,2,EXCESSIVE,2,18,HIGH,10,LOW,2,MUSLIM_FOCUSED,6,-2
77,The Intercept,92-1198452,SADAQAH-ELIGIBLE,61,25,HIGH,10,HIGH,8,PLATINUM,7,18,C,6,MODERATE,6,DOCUMENTED,4,12,AVERAGE,5,BELOW_AVERAGE,3,COMFORTABLE,4,6,LOW,2,LOW,2,MAINSTREAM,2,0
78,MAS Boston Society,20-1799252,ZAKAT-ELIGIBLE,60,15,HIGH,10,MODERATE,5,NONE,0,8,F,2,WEAK,2,DOCUMENTED,4,21,EXCEPTIONAL,10,AVERAGE,6,HEALTHY,5,18,HIGH,10,LOW,2,MUSLIM_FOCUSED,6,-2
79,350.org,26-1150699,SADAQAH-ELIGIBLE,60,23,HIGH,10,HIGH,8,GOLD,5,14,C,6,WEAK,2,DOCUMENTED,4,17,ABOVE_AVERAGE,8,AVERAGE,5,COMFORTABLE,4,8,LOW,2,MEDIUM,4,MAINSTREAM,2,-2
80,Project South,58-1956686,SADAQAH-ELIGIBLE,60,20,HIGH,10,HIGH,8,BRONZE,2,16,A,10,WEAK,2,DOCUMENTED,4,18,EXCEPTIONAL,10,AVERAGE,6,EXCESSIVE,2,8,LOW,2,MEDIUM,4,MAINSTREAM,2,-2
81,Qalam Education Fund,86-1226156,ZAKAT-ELIGIBLE,60,15,HIGH,10,MODERATE,5,NONE,0,10,F,2,WEAK,2,DOCUMENTED,4,14,ABOVE_AVERAGE,8,BELOW_AVERAGE,4,EXCESSIVE,2,23,HIGH,10,HIGH,7,MUSLIM_FOCUSED,6,-2
82,Pillars Fund,81-0983087,SADAQAH-ELIGIBLE,59,20,HIGH,10,HIGH,8,BRONZE,2,10,F,2,WEAK,2,DOCUMENTED,4,10,AVERAGE,5,BELOW_AVERAGE,3,EXCESSIVE,2,21,MEDIUM,6,HIGH,9,MUSLIM_FOCUSED,6,-2
83,Al-Arqam Islamic School,94-3311132,SADAQAH-ELIGIBLE,59,15,HIGH,10,MODERATE,5,NONE,0,8,F,2,WEAK,2,IMPLICIT,2,20,EXCEPTIONAL,10,AVERAGE,6,COMFORTABLE,4,19,MEDIUM,6,HIGH,7,MUSLIM_FOCUSED,6,-3
84,Heart Women & Girls,27-3625796,ZAKAT-ELIGIBLE,58,22,HIGH,10,HIGH,8,SILVER,4,13,C,6,WEAK,2,DOCUMENTED,4,10,AVERAGE,5,BELOW_AVERAGE,3,EXCESSIVE,2,20,HIGH,10,MEDIUM,4,MUSLIM_FOCUSED,6,-7
85,Inner-City Muslim Action Network,36-4167433,ZAKAT-ELIGIBLE,58,15,HIGH,10,MODERATE,5,NONE,0,8,F,2,WEAK,2,DOCUMENTED,4,12,AVERAGE,5,BELOW_AVERAGE,3,COMFORTABLE,4,25,HIGH,10,HIGH,9,MUSLIM_FOCUSED,6,-2
86,The Carter Center,58-1454716,SADAQAH-ELIGIBLE,58,15,HIGH,10,MODERATE,5,NONE,0,12,D,4,BASIC,4,DOCUMENTED,4,20,ABOVE_AVERAGE,8,EXCELLENT,10,EXCESSIVE,2,13,LOW,2,HIGH,9,MAINSTREAM,2,-2
87,Equal Justice Initiative,63-1135091,SADAQAH-ELIGIBLE,58,23,HIGH,10,HIGH,8,GOLD,5,12,C,6,WEAK,2,IMPLICIT,2,18,EXCEPTIONAL,10,AVERAGE,6,EXCESSIVE,2,8,LOW,2,MEDIUM,4,MAINSTREAM,2,-3
88,Muslim American Society of Greater LA,81-3745284,ZAKAT-ELIGIBLE,58,5,NONE,0,MODERATE,5,NONE,0,14,D,4,BASIC,4,DOCUMENTED,4,23,ABOVE_AVERAGE,8,EXCELLENT,10,HEALTHY,5,18,HIGH,10,LOW,2,MUSLIM_FOCUSED,6,-2
89,The Mecca Center,84-5191730,ZAKAT-ELIGIBLE,58,7,NONE,0,MODERATE,5,BRONZE,2,10,F,2,WEAK,2,DOCUMENTED,4,18,EXCEPTIONAL,10,AVERAGE,6,EXCESSIVE,2,25,HIGH,10,HIGH,9,MUSLIM_FOCUSED,6,-2
90,Muslim Public Affairs Council Foundation,95-4675391,ZAKAT-ELIGIBLE,58,17,HIGH,10,MODERATE,5,BRONZE,2,18,A,10,WEAK,2,DOCUMENTED,4,7,BELOW_AVERAGE,3,BELOW_AVERAGE,2,EXCESSIVE,2,20,HIGH,10,MEDIUM,4,MUSLIM_FOCUSED,6,-4
91,Bayan Islamic Graduate School,46-2431099,SADAQAH-ELIGIBLE,57,19,MODERATE,7,HIGH,8,SILVER,4,14,C,6,BASIC,4,DOCUMENTED,4,9,BELOW_AVERAGE,3,BELOW_AVERAGE,2,COMFORTABLE,4,19,MEDIUM,6,HIGH,7,MUSLIM_FOCUSED,6,-4
92,Muhsen,47-3187591,SADAQAH-ELIGIBLE,57,22,MODERATE,7,HIGH,8,PLATINUM,7,16,C,6,MODERATE,6,IMPLICIT,2,7,BELOW_AVERAGE,3,BELOW_AVERAGE,2,EXCESSIVE,2,15,LOW,2,HIGH,9,NICHE,4,-3
93,Earthjustice,94-1730465,SADAQAH-ELIGIBLE,57,23,HIGH,10,HIGH,8,GOLD,5,16,C,6,BASIC,4,DOCUMENTED,4,12,ABOVE_AVERAGE,8,BELOW_AVERAGE,2,EXCESSIVE,2,8,LOW,2,MEDIUM,4,MAINSTREAM,2,-2
94,Al-Furqaan Foundation,20-0310701,ZAKAT-ELIGIBLE,56,15,HIGH,10,MODERATE,5,NONE,0,8,F,2,WEAK,2,IMPLICIT,2,18,EXCEPTIONAL,10,AVERAGE,6,EXCESSIVE,2,18,HIGH,10,LOW,2,MUSLIM_FOCUSED,6,-3
95,Khalil Center,47-1313957,ZAKAT-ELIGIBLE,56,5,NONE,0,MODERATE,5,NONE,0,16,C,6,BASIC,4,DOCUMENTED,4,12,AVERAGE,5,BELOW_AVERAGE,2,HEALTHY,5,25,HIGH,10,HIGH,9,MUSLIM_FOCUSED,6,-2
96,The Hassan Foundation,56-2639095,ZAKAT-ELIGIBLE,56,5,NONE,0,MODERATE,5,NONE,0,14,C,6,BASIC,4,DOCUMENTED,4,14,EXCEPTIONAL,10,BELOW_AVERAGE,2,EXCESSIVE,2,25,HIGH,10,HIGH,9,MUSLIM_FOCUSED,6,-2
97,Muslim Community Center Chicago,23-7060038,ZAKAT-ELIGIBLE,55,15,HIGH,10,MODERATE,5,NONE,0,7,F,2,WEAK,2,IMPLICIT,2,18,EXCEPTIONAL,10,AVERAGE,6,EXCESSIVE,2,18,HIGH,10,LOW,2,MUSLIM_FOCUSED,6,-3
98,Muslim Hands USA,27-4155655,ZAKAT-ELIGIBLE,55,19,MODERATE,7,HIGH,8,SILVER,4,13,D,4,BASIC,4,DOCUMENTED,4,12,POOR,0,EXCELLENT,10,EXCESSIVE,2,18,HIGH,10,LOW,2,MUSLIM_FOCUSED,6,-7
99,The Islamic Association of Arabi,72-1128279,SADAQAH-ELIGIBLE,55,15,HIGH,10,MODERATE,5,NONE,0,10,F,2,WEAK,2,DOCUMENTED,4,18,EXCEPTIONAL,10,AVERAGE,6,EXCESSIVE,2,14,MEDIUM,6,LOW,2,MUSLIM_FOCUSED,6,-2
100,Islamic Center of Irvine,33-0992506,SADAQAH-ELIGIBLE,54,17,HIGH,10,MODERATE,5,BRONZE,2,8,D,4,WEAK,2,IMPLICIT,2,18,EXCEPTIONAL,10,AVERAGE,6,EXCESSIVE,2,14,MEDIUM,6,LOW,2,MUSLIM_FOCUSED,6,-3
101,Givelight Foundation,56-2500794,SADAQAH-ELIGIBLE,54,15,HIGH,10,MODERATE,5,NONE,0,12,D,4,BASIC,4,DOCUMENTED,4,14,EXCEPTIONAL,10,BELOW_AVERAGE,2,EXCESSIVE,2,15,LOW,2,HIGH,9,NICHE,4,-2
102,Islamic Educational Foundation,22-3382037,SADAQAH-ELIGIBLE,53,17,HIGH,10,MODERATE,5,BRONZE,2,14,C,6,WEAK,2,DOCUMENTED,4,10,AVERAGE,5,BELOW_AVERAGE,3,EXCESSIVE,2,14,MEDIUM,6,LOW,2,MUSLIM_FOCUSED,6,-2
103,Najam Institute Foundation,83-4231488,SADAQAH-ELIGIBLE,53,5,NONE,0,MODERATE,5,NONE,0,8,F,2,WEAK,2,DOCUMENTED,4,21,EXCEPTIONAL,10,AVERAGE,6,HEALTHY,5,21,MEDIUM,6,HIGH,9,MUSLIM_FOCUSED,6,-2
104,Dar-us-Sakina,85-3996086,ZAKAT-ELIGIBLE,53,15,MODERATE,7,HIGH,8,NONE,0,8,F,2,WEAK,2,IMPLICIT,2,10,AVERAGE,5,BELOW_AVERAGE,3,EXCESSIVE,2,23,HIGH,10,HIGH,7,MUSLIM_FOCUSED,6,-3
105,Humaniti,92-3079413,ZAKAT-ELIGIBLE,52,5,NONE,0,MODERATE,5,NONE,0,12,D,4,BASIC,4,DOCUMENTED,4,12,EXCEPTIONAL,10,BELOW_AVERAGE,2,UNKNOWN,0,25,HIGH,10,HIGH,9,MUSLIM_FOCUSED,6,-2
106,The Family & Youth Institute,20-4097808,ZAKAT-ELIGIBLE,50,5,NONE,0,MODERATE,5,NONE,0,13,C,6,WEAK,2,DOCUMENTED,4,14,ABOVE_AVERAGE,8,BELOW_AVERAGE,4,EXCESSIVE,2,20,HIGH,10,MEDIUM,4,MUSLIM_FOCUSED,6,-2
107,Innocence Project,32-0077563,SADAQAH-ELIGIBLE,50,18,HIGH,10,HIGH,8,NONE,0,16,C,6,BASIC,4,DOCUMENTED,4,9,AVERAGE,5,BELOW_AVERAGE,2,EXCESSIVE,2,9,LOW,2,MEDIUM,5,MAINSTREAM,2,-2
108,ICNAB,81-2169685,SADAQAH-ELIGIBLE,50,15,HIGH,10,MODERATE,5,NONE,0,4,F,2,WEAK,2,NONE,0,20,EXCEPTIONAL,10,AVERAGE,6,COMFORTABLE,4,14,MEDIUM,6,LOW,2,MUSLIM_FOCUSED,6,-3
109,North-American Islamic Shelter for the Abused,26-0906163,ZAKAT-ELIGIBLE,49,5,NONE,0,MODERATE,5,NONE,0,14,C,6,WEAK,2,DOCUMENTED,4,14,ABOVE_AVERAGE,8,BELOW_AVERAGE,4,EXCESSIVE,2,18,HIGH,10,LOW,2,MUSLIM_FOCUSED,6,-2
110,Muslim Association of Puget Sound,20-4423661,SADAQAH-ELIGIBLE,48,15,HIGH,10,MODERATE,5,NONE,0,10,D,4,BASIC,4,IMPLICIT,2,12,ABOVE_AVERAGE,8,BELOW_AVERAGE,2,EXCESSIVE,2,14,MEDIUM,6,LOW,2,MUSLIM_FOCUSED,6,-3
111,US Council of Muslim Organizations,46-2811888,SADAQAH-ELIGIBLE,48,5,NONE,0,MODERATE,5,NONE,0,8,F,2,WEAK,2,DOCUMENTED,4,21,EXCEPTIONAL,10,AVERAGE,6,HEALTHY,5,16,MEDIUM,6,MEDIUM,4,MUSLIM_FOCUSED,6,-2
112,The Center for Islamic Teachings and Community Development,45-4227947,SADAQAH-ELIGIBLE,47,5,NONE,0,MODERATE,5,NONE,0,10,F,2,WEAK,2,DOCUMENTED,4,18,EXCEPTIONAL,10,AVERAGE,6,EXCESSIVE,2,16,MEDIUM,6,MEDIUM,4,MUSLIM_FOCUSED,6,-2
113,Muslim Academy of Greater Orlando,56-2620244,SADAQAH-ELIGIBLE,47,15,HIGH,10,MODERATE,5,NONE,0,10,F,2,WEAK,2,DOCUMENTED,4,10,AVERAGE,5,BELOW_AVERAGE,3,EXCESSIVE,2,14,MEDIUM,6,LOW,2,MUSLIM_FOCUSED,6,-2
114,ICNA Council for Social Justice,80-0508709,SADAQAH-ELIGIBLE,47,9,BASIC,4,MODERATE,5,NONE,0,8,F,2,WEAK,2,DOCUMENTED,4,16,ABOVE_AVERAGE,8,BELOW_AVERAGE,4,COMFORTABLE,4,16,MEDIUM,6,MEDIUM,4,MUSLIM_FOCUSED,6,-2
115,Friends of KDSP,88-2980325,SADAQAH-ELIGIBLE,47,5,NONE,0,MODERATE,5,NONE,0,14,D,4,BASIC,4,DOCUMENTED,4,13,BELOW_AVERAGE,3,GOOD,8,EXCESSIVE,2,19,MEDIUM,6,HIGH,9,NICHE,4,-4
116,Natural Resources Defense Council,13-2654926,SADAQAH-ELIGIBLE,46,15,HIGH,10,MODERATE,5,NONE,0,10,F,2,WEAK,2,DOCUMENTED,4,15,ABOVE_AVERAGE,8,AVERAGE,5,EXCESSIVE,2,8,LOW,2,MEDIUM,4,MAINSTREAM,2,-2
117,Dawat-E-Islami USA,46-4451777,ZAKAT-ELIGIBLE,46,5,NONE,0,MODERATE,5,NONE,0,8,F,2,WEAK,2,IMPLICIT,2,18,EXCEPTIONAL,10,AVERAGE,6,EXCESSIVE,2,18,HIGH,10,LOW,2,MUSLIM_FOCUSED,6,-3
118,Muslim Wellness Foundation,47-2533025,SADAQAH-ELIGIBLE,46,5,NONE,0,MODERATE,5,NONE,0,10,F,2,WEAK,2,DOCUMENTED,4,19,EXCEPTIONAL,10,AVERAGE,6,TIGHT,3,16,MEDIUM,6,MEDIUM,4,MUSLIM_FOCUSED,6,-4
119,Al Ummah Community Center,83-2403741,SADAQAH-ELIGIBLE,46,5,NONE,0,MODERATE,5,NONE,0,10,F,2,WEAK,2,DOCUMENTED,4,16,ABOVE_AVERAGE,8,BELOW_AVERAGE,4,COMFORTABLE,4,17,MEDIUM,6,MEDIUM,5,MUSLIM_FOCUSED,6,-2
120,Maristan,87-1035868,ZAKAT-ELIGIBLE,46,5,NONE,0,MODERATE,5,NONE,0,14,C,6,WEAK,2,DOCUMENTED,4,4,UNKNOWN,0,BELOW_AVERAGE,2,EXCESSIVE,2,25,HIGH,10,HIGH,9,MUSLIM_FOCUSED,6,-2
121,Islamic Foundation of Nevada,88-0405956,SADAQAH-ELIGIBLE,46,5,NONE,0,MODERATE,5,NONE,0,10,F,2,WEAK,2,DOCUMENTED,4,14,ABOVE_AVERAGE,8,BELOW_AVERAGE,4,EXCESSIVE,2,19,MEDIUM,6,HIGH,7,MUSLIM_FOCUSED,6,-2
122,Darul Qasim,36-4398970,ZAKAT-ELIGIBLE,45,5,NONE,0,MODERATE,5,NONE,0,14,C,6,WEAK,2,DOCUMENTED,4,7,BELOW_AVERAGE,3,BELOW_AVERAGE,2,EXCESSIVE,2,23,HIGH,10,HIGH,7,MUSLIM_FOCUSED,6,-4
123,Poligon Education Fund,81-3451645,ZAKAT-ELIGIBLE,45,5,NONE,0,MODERATE,5,NONE,0,14,C,6,BASIC,4,IMPLICIT,2,13,UNKNOWN,0,EXCELLENT,10,TIGHT,3,18,HIGH,10,LOW,2,MUSLIM_FOCUSED,6,-5
124,Muslim Advocates,30-0298794,ZAKAT-ELIGIBLE,44,5,NONE,0,MODERATE,5,NONE,0,14,C,6,WEAK,2,DOCUMENTED,4,9,BELOW_AVERAGE,3,BELOW_AVERAGE,2,COMFORTABLE,4,20,HIGH,10,MEDIUM,4,MUSLIM_FOCUSED,6,-4
125,Islamic Society of Northwest Suburbs of Chicago,36-3200165,ZAKAT-ELIGIBLE,44,5,NONE,0,MODERATE,5,NONE,0,6,F,2,WEAK,2,IMPLICIT,2,18,EXCEPTIONAL,10,AVERAGE,6,EXCESSIVE,2,18,HIGH,10,LOW,2,MUSLIM_FOCUSED,6,-3
126,International Institute of Islamic Thought,23-2202414,SADAQAH-ELIGIBLE,43,5,NONE,0,MODERATE,5,NONE,0,8,F,2,WEAK,2,IMPLICIT,2,19,EXCEPTIONAL,10,AVERAGE,6,TIGHT,3,14,MEDIUM,6,LOW,2,MUSLIM_FOCUSED,6,-3
127,Link Outside,83-1171525,ZAKAT-ELIGIBLE,43,5,NONE,0,MODERATE,5,NONE,0,17,B,8,BASIC,4,DOCUMENTED,4,2,UNKNOWN,0,UNKNOWN,0,EXCESSIVE,2,21,HIGH,10,MEDIUM,5,MUSLIM_FOCUSED,6,-2
128,Ar-Rahman Learning Center,85-3547280,SADAQAH-ELIGIBLE,43,15,HIGH,10,MODERATE,5,NONE,0,8,F,2,WEAK,2,DOCUMENTED,4,14,ABOVE_AVERAGE,8,BELOW_AVERAGE,4,EXCESSIVE,2,8,LOW,2,LOW,2,NICHE,4,-2
129,Afghan Refugee Relief,93-1556038,SADAQAH-ELIGIBLE,42,5,NONE,0,MODERATE,5,NONE,0,11,D,4,BASIC,4,IMPLICIT,2,15,POOR,0,EXCELLENT,10,HEALTHY,5,19,MEDIUM,6,HIGH,9,NICHE,4,-8
130,Al Jazari Institute,45-5134951,SADAQAH-ELIGIBLE,41,5,NONE,0,MODERATE,5,NONE,0,8,F,2,WEAK,2,DOCUMENTED,4,13,AVERAGE,5,BELOW_AVERAGE,3,HEALTHY,5,17,MEDIUM,6,MEDIUM,5,MUSLIM_FOCUSED,6,-2
131,ICNA Chicago Illinois Organization,47-3342673,ZAKAT-ELIGIBLE,40,5,NONE,0,MODERATE,5,NONE,0,9,F,2,WEAK,2,DOCUMENTED,4,10,AVERAGE,5,BELOW_AVERAGE,3,EXCESSIVE,2,18,HIGH,10,LOW,2,MUSLIM_FOCUSED,6,-2
132,Darul Huda Corporation,54-1674126,SADAQAH-ELIGIBLE,40,5,NONE,0,MODERATE,5,NONE,0,6,F,2,WEAK,2,IMPLICIT,2,18,EXCEPTIONAL,10,AVERAGE,6,EXCESSIVE,2,14,MEDIUM,6,LOW,2,MUSLIM_FOCUSED,6,-3
133,MCC East Bay,20-8085421,ZAKAT-ELIGIBLE,38,5,NONE,0,MODERATE,5,NONE,0,11,D,4,BASIC,4,IMPLICIT,2,0,UNKNOWN,0,UNKNOWN,0,UNKNOWN,0,25,HIGH,10,HIGH,9,MUSLIM_FOCUSED,6,-3
134,Islamic Society of Central Jersey,22-2086228,ZAKAT-ELIGIBLE,38,7,NONE,0,MODERATE,5,BRONZE,2,16,C,6,BASIC,4,DOCUMENTED,4,4,POOR,0,BELOW_AVERAGE,2,EXCESSIVE,2,18,HIGH,10,LOW,2,MUSLIM_FOCUSED,6,-7
135,Muslim American Youth Foundation,81-3135852,SADAQAH-ELIGIBLE,37,5,NONE,0,MODERATE,5,NONE,0,10,F,2,WEAK,2,DOCUMENTED,4,10,AVERAGE,5,BELOW_AVERAGE,3,EXCESSIVE,2,14,MEDIUM,6,LOW,2,MUSLIM_FOCUSED,6,-2
136,Yateem Foundation,99-3373484,ZAKAT-ELIGIBLE,37,2,NONE,0,LOW,2,NONE,0,12,C,6,WEAK,2,DOCUMENTED,4,0,UNKNOWN,0,UNKNOWN,0,UNKNOWN,0,25,HIGH,10,HIGH,9,MUSLIM_FOCUSED,6,-2
137,American Imam Academy,82-1150290,SADAQAH-ELIGIBLE,35,5,NONE,0,MODERATE,5,NONE,0,8,F,2,WEAK,2,DOCUMENTED,4,10,AVERAGE,5,BELOW_AVERAGE,3,EXCESSIVE,2,14,MEDIUM,6,LOW,2,MUSLIM_FOCUSED,6,-2
138,ING,77-0412815,SADAQAH-ELIGIBLE,33,5,NONE,0,MODERATE,5,NONE,0,14,C,6,WEAK,2,DOCUMENTED,4,7,POOR,0,BELOW_AVERAGE,2,HEALTHY,5,14,MEDIUM,6,LOW,2,MUSLIM_FOCUSED,6,-7
139,National Association of Muslim Charitable Clinics,93-2136609,SADAQAH-ELIGIBLE,33,2,NONE,0,LOW,2,NONE,0,12,D,4,BASIC,4,DOCUMENTED,4,0,UNKNOWN,0,UNKNOWN,0,UNKNOWN,0,21,MEDIUM,6,HIGH,9,MUSLIM_FOCUSED,6,-2
140,Muslim Foundation,22-2413703,SADAQAH-ELIGIBLE,32,5,NONE,0,MODERATE,5,NONE,0,6,F,2,WEAK,2,IMPLICIT,2,10,AVERAGE,5,BELOW_AVERAGE,3,EXCESSIVE,2,14,MEDIUM,6,LOW,2,MUSLIM_FOCUSED,6,-3
141,National Association of Muslim Lawyers,52-2283398,SADAQAH-ELIGIBLE,30,5,NONE,0,MODERATE,5,NONE,0,6,F,2,WEAK,2,IMPLICIT,2,5,UNKNOWN,0,UNKNOWN,0,HEALTHY,5,17,MEDIUM,6,MEDIUM,5,MUSLIM_FOCUSED,6,-3
142,Ta'leef Collective,72-1528691,ZAKAT-ELIGIBLE,30,5,NONE,0,MODERATE,5,NONE,0,8,F,2,WEAK,2,IMPLICIT,2,2,POOR,0,BELOW_AVERAGE,2,UNKNOWN,0,23,HIGH,10,HIGH,7,MUSLIM_FOCUSED,6,-8
143,Muslim Bar Association of New York,20-5509305,SADAQAH-ELIGIBLE,29,5,NONE,0,MODERATE,5,NONE,0,6,F,2,WEAK,2,IMPLICIT,2,4,UNKNOWN,0,UNKNOWN,0,COMFORTABLE,4,17,MEDIUM,6,MEDIUM,5,MUSLIM_FOCUSED,6,-3
144,Islamic Society of Greater Houston,23-7065716,ZAKAT-ELIGIBLE,29,11,BASIC,4,MODERATE,5,BRONZE,2,8,F,2,WEAK,2,IMPLICIT,2,0,UNKNOWN,0,UNKNOWN,0,UNKNOWN,0,18,HIGH,10,LOW,2,MUSLIM_FOCUSED,6,-8
145,Sachse Muslim Society,47-1365228,ZAKAT-ELIGIBLE,29,5,NONE,0,MODERATE,5,NONE,0,9,F,2,WEAK,2,DOCUMENTED,4,4,POOR,0,BELOW_AVERAGE,2,EXCESSIVE,2,18,HIGH,10,LOW,2,MUSLIM_FOCUSED,6,-7
146,Islamic Center of Southern California,95-3502914,ZAKAT-ELIGIBLE,27,5,NONE,0,MODERATE,5,NONE,0,8,F,2,WEAK,2,IMPLICIT,2,4,POOR,0,BELOW_AVERAGE,2,EXCESSIVE,2,18,HIGH,10,LOW,2,MUSLIM_FOCUSED,6,-8
147,Institute for Understanding Anti-Palestinian Racism,99-3032347,SADAQAH-ELIGIBLE,27,5,NONE,0,MODERATE,5,NONE,0,14,C,6,WEAK,2,DOCUMENTED,4,0,UNKNOWN,0,UNKNOWN,0,UNKNOWN,0,10,LOW,2,MEDIUM,4,NICHE,4,-2
148,Islamic Oasis,26-3531888,SADAQAH-ELIGIBLE,24,5,NONE,0,MODERATE,5,NONE,0,8,F,2,WEAK,2,DOCUMENTED,4,4,POOR,0,BELOW_AVERAGE,2,EXCESSIVE,2,14,MEDIUM,6,LOW,2,MUSLIM_FOCUSED,6,-7
149,The Islamic Society of Southern California,83-0668931,SADAQAH-ELIGIBLE,22,2,NONE,0,LOW,2,NONE,0,8,F,2,WEAK,2,DOCUMENTED,4,0,UNKNOWN,0,UNKNOWN,0,UNKNOWN,0,14,MEDIUM,6,LOW,2,MUSLIM_FOCUSED,6,-2
